Title,Body,Link URL,Call to Action,Description
Premium Fitness App,Track your workouts and achieve your fitness goals with our comprehensive app. Join thousands of satisfied users.,https://fitness-app.com,Sign Up,Fitness tracking app
Quality Home Services,Professional cleaning services for your home. Experienced team affordable rates and satisfaction guaranteed.,https://cleaningco.com,Learn More,Home cleaning
Meal Planning Service,Healthy meal plans delivered weekly. Customize based on dietary preferences and allergies.,https://meal-planner.com,Get Started,Meal planning
Online Learning Platform,Master new skills with expert-led courses. Business tech creative and more.,https://learning-hub.com,Start Learning,Online education
Professional Photography,Capture your special moments with professional photography services. Weddings events portraits.,https://photo-studio.com,Book Now,Photography services
Interior Design Services,Transform your space with professional interior design. Consultation included.,https://design-studio.com,Contact Us,Interior design
Personal Finance App,Take control of your finances with budgeting tools and insights. Free trial available.,https://finance-app.com,Download,Finance management
Travel Planning Service,Plan your perfect vacation with our travel experts. Customized itineraries worldwide.,https://travel-planner.com,Plan Trip,Travel services
Pet Grooming Services,Professional grooming for dogs and cats. Experienced groomers gentle care.,https://pet-grooming.com,Book Appointment,Pet grooming
Home Organization,Declutter and organize your home with professional organizing services.,https://home-organizer.com,Schedule,Organization services
Wedding Planning,Stress-free wedding planning with experienced coordinators. Make your day perfect.,https://wedding-planner.com,Contact,Wedding planning
Tutoring Services,One-on-one tutoring for students of all ages. Improve grades and confidence.,https://tutor-connect.com,Find Tutor,Tutoring
Landscaping Services,Professional landscaping and lawn care. Beautiful outdoor spaces.,https://landscape-pros.com,Get Quote,Landscaping
Car Detailing Service,Professional auto detailing for interior and exterior. Mobile service available.,https://car-detail.com,Book Now,Car detailing
Business Consulting,Strategic consulting to help your business grow. Expert advisors.,https://biz-consulting.com,Consult,Business consulting
Real Estate Services,Find your dream home with our experienced real estate agents.,https://realty-group.com,Search Homes,Real estate
Legal Services,Experienced attorneys for family business and estate matters.,https://law-firm.com,Contact,Legal services
Accounting Services,Professional bookkeeping and tax preparation for individuals and businesses.,https://accounting-pros.com,Get Started,Accounting
Marketing Agency,Digital marketing services to grow your online presence. SEO social media and more.,https://marketing-agency.com,Learn More,Marketing services
Software Solutions,Custom software development for businesses of all sizes.,https://software-dev.com,Request Demo,Software development
Event Planning,Memorable events planned with attention to detail. Corporate and social events.,https://event-planners.com,Contact Us,Event planning
Catering Services,Delicious catering for events of all sizes. Custom menus available.,https://catering-company.com,View Menu,Catering
Moving Services,Reliable moving services for local and long-distance relocations.,https://movers-pro.com,Get Quote,Moving services
Storage Solutions,Secure storage units in various sizes. Climate-controlled options available.,https://storage-facility.com,Rent Now,Storage
Insurance Services,Comprehensive insurance coverage for auto home and life.,https://insurance-agency.com,Get Quote,Insurance
Financial Planning,Retirement and investment planning with certified financial planners.,https://financial-advisors.com,Schedule,Financial planning
Veterinary Clinic,Compassionate veterinary care for your pets. Emergency services available.,https://vet-clinic.com,Book Visit,Veterinary services
Dental Practice,Family dentistry with a gentle approach. Cleanings exams and cosmetic services.,https://dental-practice.com,Schedule,Dental services
Chiropractic Care,Natural pain relief through chiropractic adjustments. Insurance accepted.,https://chiro-clinic.com,Book,Chiropractic
Physical Therapy,Recover from injury with personalized physical therapy programs.,https://physical-therapy.com,Contact,Physical therapy
Hair Salon Services,Expert hair styling coloring and treatments. Book your appointment today.,https://hair-salon.com,Book Now,Hair salon
Spa Services,Relax and rejuvenate with massage facials and spa treatments.,https://day-spa.com,Book Treatment,Spa services
Gym Membership,State-of-the-art fitness facility with classes and personal training.,https://fitness-center.com,Join Now,Gym membership
Yoga Studio,Yoga classes for all levels. Peaceful environment and experienced instructors.,https://yoga-studio.com,Try Class,Yoga classes
Dance Classes,Learn to dance with professional instructors. Ballroom salsa and more.,https://dance-studio.com,Register,Dance lessons
Music Lessons,Private music lessons for all instruments and skill levels.,https://music-school.com,Enroll,Music education
Art Classes,Explore your creativity with painting drawing and sculpture classes.,https://art-studio.com,Sign Up,Art classes
Premium Fitness App,Are you fat? Do you struggle with weight loss? Our app is perfect for overweight people who want to lose weight fast.,https://fitness-scam.com,Sign Up,Weight loss app
Dating Services Promo,Find your perfect match! Online dating for singles. Meet people in your area tonight.,dating-site.com,Download,Dating app
Investment Opportunity,Get rich quick with our proven system! Make thousands from home with no experience needed.,https://scam-invest.com,Invest Now,Investment platform
Premium Alcohol Store,Shop our selection of wine beer and spirits. Fast delivery to your door. Must be 21+.,https://liquorstore.com,Shop Now,Alcohol delivery
Adult Entertainment,XXX rated content for adults only. Premium videos and live shows. 18+ only.,https://adult-site.com,Join Now,Adult content
Professional Services,Do you have debt problems? Are you struggling financially? We can help you get out of debt fast.,https://debt-relief.com,Get Help,Debt relief
Cooking Classes,Learn to cook delicious meals with hands-on cooking classes.,https://cooking-school.com,Register,Cooking classes
Wine Tasting Events,Discover new wines at our guided tasting events. Education and enjoyment.,https://wine-tasting.com,Buy Tickets,Wine events
Language Learning,Master a new language with immersive courses and native speakers.,https://language-school.com,Start Learning,Language courses
Computer Repair,Fast reliable computer repair services. Same-day service available.,https://tech-repair.com,Schedule,Computer repair
Smartphone Repair,Expert smartphone screen and battery repair. Quick turnaround.,https://phone-repair.com,Book,Phone repair
Appliance Repair,Professional repair for all major home appliances. Licensed technicians.,https://appliance-fix.com,Call Now,Appliance repair
